DoB,DoT,SEX,BMI,BP,TC,BGU,FDR,Target,Age,Risk,Risk%,FHRisk,CombRisk
1981-03-11,2024-03-08,-1,0.1911764705882352,0.3764705882352941,2.67,0.3658536585365853,2,90.0,43,8.220588235294114,0.16,0.62,0.25
2002-05-15,2024-05-06,-1,0.1941176470588235,0.4941176470588235,2.0,0.4024390243902439,2,101.0,22,4.270588235294117,0.08,0.62,0.2
2001-06-21,2024-07-20,-1,0.2,0.2705882352941176,2.0,0.4390243902439024,2,85.0,23,4.6000000000000005,0.09,0.62,0.21
1998-06-10,2024-07-20,-1,0.2,0.3294117647058823,3.0,0.2317073170731707,2,51.0,26,5.2,0.1,0.62,0.21
1991-01-22,2024-01-18,-1,0.2029411764705881,0.1764705882352941,3.0,0.0975609756097561,0,72.0,33,6.6970588235294075,0.13,0.15,0.16
2005-06-13,2024-10-20,-1,0.2117647058823529,0.3764705882352941,2.0,0.4878048780487805,0,137.0,19,4.023529411764705,0.08,0.15,0.15
2002-04-22,2024-05-04,-1,0.2147058823529412,0.3176470588235294,3.0,0.2560975609756097,0,134.0,22,4.723529411764706,0.09,0.15,0.15
1991-01-09,2024-01-18,-1,0.2205882352941176,0.2941176470588235,2.0,0.3658536585365853,1,48.0,33,7.279411764705881,0.14,0.38,0.2
1988-06-08,2024-12-05,-1,0.2235294117647059,0.188235294117647,3.0,0.5121951219512195,1,57.0,36,8.047058823529412,0.16,0.38,0.21
1988-06-08,2024-12-05,-1,0.2235294117647059,0.188235294117647,3.0,0.5121951219512195,2,57.0,36,8.047058823529412,0.16,0.62,0.25
1997-04-07,2024-05-05,-1,0.2235294117647059,0.2705882352941176,3.0,0.2560975609756097,2,142.0,27,6.035294117647059,0.12,0.62,0.22
1975-06-24,2024-08-22,-1,0.2294117647058823,0.388235294117647,3.0,0.524390243902439,1,49.0,49,11.241176470588233,0.22,0.38,0.23
2002-05-13,2024-06-09,-1,0.2323529411764705,0.2352941176470588,3.0,0.2682926829268293,1,158.0,22,5.111764705882352,0.1,0.38,0.18
1982-07-23,2024-09-22,-1,0.2323529411764705,0.2470588235294117,3.0,0.3536585365853658,1,63.0,42,9.758823529411762,0.19,0.38,0.22
1976-05-08,2024-08-26,-1,0.2323529411764705,0.4235294117647059,3.0,0.6219512195121951,2,48.0,48,11.152941176470584,0.22,0.62,0.3
1960-08-08,2024-11-09,-1,0.2352941176470588,0.2314117647058823,3.05,0.5,1,72.0,64,15.058823529411763,0.3,0.38,0.26
2003-04-16,2024-06-15,-1,0.2382352941176471,0.0941176470588235,3.0,0.4756097560975609,1,55.0,21,5.002941176470589,0.1,0.38,0.18
1983-04-18,2024-08-17,-1,0.2411764705882352,0.0823529411764705,3.0,0.4756097560975609,2,77.0,41,9.888235294117642,0.19,0.62,0.28
1987-04-21,2024-06-28,-1,0.2411764705882352,0.3058823529411765,3.0,0.4634146341463415,2,59.0,37,8.923529411764703,0.18,0.62,0.26
1976-04-11,2024-05-20,-1,0.2411764705882352,0.4705882352941176,4.0,0.4268292682926829,2,79.0,48,11.576470588235289,0.23,0.62,0.3
1982-11-23,2024-12-16,-1,0.2441176470588235,0.188235294117647,2.0,0.3780487804878049,1,59.0,42,10.252941176470587,0.2,0.38,0.23
1979-05-12,2024-05-02,-1,0.2441176470588235,0.2274117647058823,3.88,0.3536585365853658,1,96.0,45,10.985294117647058,0.22,0.38,0.23
1987-02-03,2024-02-17,-1,0.2441176470588235,0.3294117647058823,5.0,0.4634146341463415,1,214.0,37,9.03235294117647,0.18,0.38,0.22
1975-05-22,2024-06-24,-1,0.2441176470588235,0.4470588235294118,3.0,0.524390243902439,1,153.0,49,11.96176470588235,0.24,0.38,0.24
1989-06-09,2024-06-19,-1,0.2470588235294117,0.1176470588235294,2.79,0.3414634146341463,1,96.0,35,8.64705882352941,0.17,0.38,0.21
1976-06-11,2024-06-22,-1,0.2470588235294117,0.5058823529411764,5.0,0.3414634146341463,0,83.0,48,11.858823529411762,0.23,0.15,0.17
1964-02-12,2024-02-09,-1,0.2470588235294117,0.5882352941176471,2.0,0.3536585365853658,0,170.0,60,14.823529411764701,0.29,0.15,0.18
1971-03-21,2024-04-16,-1,0.25,0.2705882352941176,3.0,0.3048780487804878,2,65.0,53,13.25,0.26,0.62,0.32
1983-02-10,2024-02-01,-1,0.25,0.2941176470588235,2.0,0.3048780487804878,1,37.0,41,10.25,0.2,0.38,0.23
1978-04-22,2024-05-19,-1,0.2529411764705883,0.2117647058823529,3.0,0.3658536585365853,0,53.0,46,11.63529411764706,0.23,0.15,0.17
1990-10-19,2024-12-01,-1,0.2529411764705883,0.3764705882352941,3.0,0.2926829268292683,1,115.0,34,8.600000000000001,0.17,0.38,0.21
1957-04-11,2024-08-06,-1,0.2558823529411764,0.3294117647058823,3.0,0.3292682926829268,0,89.0,67,17.144117647058817,0.34,0.15,0.2
2000-03-04,2024-04-26,-1,0.2558823529411764,0.3764705882352941,2.0,0.3414634146341463,0,99.0,24,6.141176470588233,0.12,0.15,0.16
1983-09-01,2024-10-19,-1,0.2588235294117647,0.3647058823529411,3.0,0.4756097560975609,2,72.0,41,10.61176470588235,0.21,0.62,0.29
1985-04-04,2024-05-12,-1,0.2617647058823529,0.4705882352941176,2.0,0.5487804878048781,2,64.0,39,10.208823529411763,0.2,0.62,0.28
1994-01-08,2024-01-15,-1,0.2617647058823529,0.5764705882352941,3.0,0.573170731707317,2,86.0,30,7.852941176470587,0.15,0.62,0.24
1995-05-04,2024-07-26,-1,0.2647058823529412,0.188235294117647,4.0,0.4878048780487805,0,162.0,29,7.676470588235294,0.15,0.15,0.16
1970-02-17,2024-02-25,-1,0.2647058823529412,0.2705882352941176,3.0,0.2804878048780488,2,63.0,54,14.294117647058824,0.28,0.62,0.33
1974-08-10,2024-12-28,-1,0.2647058823529412,0.388235294117647,4.0,0.2560975609756097,1,252.0,50,13.23529411764706,0.26,0.38,0.25
1960-07-21,2024-07-15,-1,0.2647058823529412,0.4391764705882353,3.49,0.6341463414634146,0,158.0,64,16.941176470588236,0.33,0.15,0.2
1978-06-13,2024-08-25,-1,0.2676470588235294,0.2941176470588235,5.0,0.4512195121951219,0,183.0,46,12.311764705882352,0.24,0.15,0.18
1989-03-18,2024-03-08,-1,0.2676470588235294,0.3176470588235294,3.0,0.5487804878048781,0,68.0,35,9.367647058823529,0.18,0.15,0.17
1990-09-27,2024-12-23,-1,0.2705882352941176,0.3411764705882353,5.0,0.5121951219512195,0,109.0,34,9.199999999999998,0.18,0.15,0.17
1986-05-19,2024-08-25,-1,0.2735294117647059,0.2,2.0,0.4878048780487805,0,60.0,38,10.394117647058824,0.2,0.15,0.17
1981-07-06,2024-11-23,-1,0.2735294117647059,0.2823529411764706,3.0,0.4878048780487805,1,42.0,43,11.761764705882355,0.23,0.38,0.24
1994-05-26,2024-06-17,-1,0.2735294117647059,0.3764705882352941,2.0,0.1951219512195122,2,143.0,30,8.205882352941178,0.16,0.62,0.25
1980-03-08,2024-04-22,-1,0.2794117647058823,0.3529411764705882,3.0,0.4146341463414634,2,181.0,44,12.29411764705882,0.24,0.62,0.31
1976-03-04,2024-04-10,-1,0.2823529411764706,0.3764705882352941,3.0,0.2317073170731707,0,75.0,48,13.552941176470588,0.27,0.15,0.18
1967-08-09,2024-12-15,-1,0.2852941176470588,0.4588235294117647,2.0,0.5121951219512195,0,87.0,57,16.261764705882353,0.32,0.15,0.2
1987-05-09,2024-05-26,-1,0.2882352941176471,0.3411764705882353,3.0,0.524390243902439,1,128.0,37,10.664705882352942,0.21,0.38,0.23
1988-05-16,2024-09-28,-1,0.2911764705882352,0.4,3.0,0.5609756097560976,0,111.0,36,10.482352941176467,0.21,0.15,0.17
1974-01-10,2024-01-05,-1,0.2911764705882352,0.4235294117647059,3.0,0.3292682926829268,1,96.0,50,14.558823529411761,0.29,0.38,0.26
1971-06-05,2024-10-03,-1,0.2941176470588235,0.4588235294117647,3.0,0.5853658536585366,2,200.0,53,15.588235294117645,0.31,0.62,0.36
1981-06-09,2024-09-28,-1,0.2970588235294118,0.1294117647058823,3.0,0.3658536585365853,0,74.0,43,12.773529411764708,0.25,0.15,0.18
1996-07-26,2024-07-14,-1,0.2970588235294118,0.3176470588235294,3.0,0.4390243902439024,1,69.0,28,8.317647058823532,0.16,0.38,0.21
1982-10-07,2024-12-01,-1,0.2970588235294118,0.3529411764705882,4.0,0.5365853658536586,2,72.0,42,12.476470588235296,0.25,0.62,0.32
1975-05-21,2024-07-27,-1,0.2970588235294118,0.3529411764705882,2.19,0.2682926829268293,2,114.0,49,14.555882352941179,0.29,0.62,0.35
1971-09-28,2024-11-01,-1,0.2970588235294118,0.4470588235294118,3.0,0.5609756097560976,0,178.0,53,15.744117647058827,0.31,0.15,0.2
1971-03-26,2024-03-15,-1,0.3,0.2705882352941176,2.0,0.6219512195121951,1,93.0,53,15.899999999999999,0.31,0.38,0.28
1964-05-13,2024-07-19,-1,0.3,0.5843529411764706,3.68,0.524390243902439,0,90.0,60,18.0,0.35,0.15,0.2
1962-05-28,2024-09-27,-1,0.3058823529411764,0.2823529411764706,4.0,0.3170731707317073,0,64.0,62,18.964705882352934,0.37,0.15,0.21
2000-04-23,2024-06-13,-1,0.3088235294117647,0.4,3.0,0.4146341463414634,1,185.0,24,7.411764705882353,0.15,0.38,0.21
1962-02-09,2024-02-15,-1,0.3088235294117647,0.8235294117647058,2.0,0.5487804878048781,2,103.0,62,19.147058823529413,0.38,0.62,0.41
1997-08-07,2024-10-26,-1,0.311764705882353,0.188235294117647,2.0,0.3536585365853658,2,152.0,27,8.417647058823531,0.17,0.62,0.26
2001-05-14,2024-09-26,-1,0.311764705882353,0.4,2.0,0.2195121951219512,2,97.0,23,7.170588235294119,0.14,0.62,0.24
1970-04-26,2024-06-03,-1,0.311764705882353,0.4117647058823529,3.0,0.5121951219512195,1,72.0,54,16.835294117647063,0.33,0.38,0.29
1975-03-21,2024-03-16,-1,0.3147058823529411,0.1215294117647058,2.71,0.1219512195121951,0,65.0,49,15.420588235294115,0.3,0.15,0.18
1988-02-13,2024-02-06,-1,0.3176470588235294,0.3764705882352941,4.0,0.3902439024390244,1,93.0,36,11.435294117647057,0.23,0.38,0.24
1957-03-13,2024-03-02,-1,0.3176470588235294,0.3764705882352941,3.0,0.5121951219512195,2,127.0,67,21.28235294117647,0.42,0.62,0.44
1966-04-23,2024-06-27,-1,0.3176470588235294,0.4235294117647059,4.0,0.7926829268292683,0,206.0,58,18.423529411764704,0.36,0.15,0.2
1976-01-14,2024-02-24,-1,0.3176470588235294,0.5411764705882353,2.0,0.573170731707317,0,40.0,48,15.24705882352941,0.3,0.15,0.18
1985-06-03,2024-10-02,-1,0.3205882352941176,0.2588235294117647,4.0,0.2926829268292683,2,128.0,39,12.502941176470587,0.25,0.62,0.32
2004-07-09,2024-09-23,-1,0.3205882352941176,0.3764705882352941,4.0,0.4268292682926829,2,113.0,20,6.411764705882352,0.13,0.62,0.23
2002-05-13,2024-07-20,-1,0.3235294117647059,0.2117647058823529,3.0,0.5,0,200.0,22,7.11764705882353,0.14,0.15,0.16
1969-03-23,2024-04-09,-1,0.3235294117647059,0.4667058823529412,5.0,0.6829268292682927,1,146.0,55,17.794117647058826,0.35,0.38,0.29
1974-07-14,2024-11-14,-1,0.3235294117647059,0.5411764705882353,4.0,0.3658536585365853,2,135.0,50,16.176470588235293,0.32,0.62,0.37
1972-04-14,2024-08-13,-1,0.3235294117647059,0.611764705882353,4.21,0.524390243902439,0,50.0,52,16.823529411764707,0.33,0.15,0.2
1983-07-07,2024-09-11,-1,0.3264705882352942,0.3647058823529411,3.0,0.1219512195121951,2,125.0,41,13.385294117647062,0.26,0.62,0.32
1980-03-13,2024-03-25,-1,0.3264705882352942,0.3764705882352941,3.0,0.2682926829268293,2,52.0,44,14.364705882352943,0.28,0.62,0.33
2005-07-26,2024-11-11,-1,0.3294117647058823,0.2352941176470588,3.0,0.2682926829268293,2,140.0,19,6.258823529411764,0.12,0.62,0.22
1970-04-02,2024-06-18,-1,0.3294117647058823,0.6549411764705882,4.96,0.7073170731707317,2,190.0,54,17.788235294117644,0.35,0.62,0.39
1993-04-22,2024-04-25,-1,0.3323529411764706,0.3529411764705882,4.0,0.3292682926829268,1,214.0,31,10.302941176470588,0.2,0.38,0.23
1967-05-21,2024-05-12,-1,0.3323529411764706,0.388235294117647,2.0,0.3414634146341463,1,65.0,57,18.94411764705882,0.37,0.38,0.3
1987-08-18,2024-09-20,-1,0.3323529411764706,0.388235294117647,3.4,0.3902439024390244,2,94.0,37,12.297058823529412,0.24,0.62,0.31
1964-09-17,2024-10-14,-1,0.3352941176470588,0.2549411764705883,3.8,0.3292682926829268,0,78.0,60,20.11764705882353,0.4,0.15,0.21
1973-09-26,2024-12-16,-1,0.3352941176470588,0.3764705882352941,2.0,0.3902439024390244,0,87.0,51,17.099999999999998,0.34,0.15,0.2
1973-03-16,2024-04-27,-1,0.3382352941176471,0.5411764705882353,4.0,0.5365853658536586,2,154.0,51,17.25,0.34,0.62,0.38
1971-06-07,2024-06-23,-1,0.3441176470588235,0.4352941176470588,3.0,0.3780487804878049,2,179.0,53,18.238235294117644,0.36,0.62,0.39
1976-06-18,2024-06-02,-1,0.35,0.6352941176470588,6.0,0.5609756097560976,1,152.0,48,16.799999999999997,0.33,0.38,0.29
1972-03-02,2024-06-10,-1,0.3529411764705882,0.3294117647058823,2.0,0.5365853658536586,0,98.0,52,18.352941176470587,0.36,0.15,0.2
1963-01-08,2024-01-10,-1,0.3529411764705882,0.4235294117647059,3.0,0.2804878048780488,1,118.0,61,21.52941176470588,0.42,0.38,0.32
1973-04-20,2024-04-21,-1,0.3558823529411765,0.3764705882352941,4.0,0.524390243902439,0,84.0,51,18.150000000000002,0.36,0.15,0.2
1971-04-27,2024-04-11,-1,0.3558823529411765,0.5882352941176471,4.0,0.5487804878048781,0,66.0,53,18.861764705882354,0.37,0.15,0.21
1970-09-21,2024-11-23,-1,0.3588235294117647,0.2235294117647059,2.0,0.7195121951219512,2,92.0,54,19.376470588235293,0.38,0.62,0.41
2003-04-06,2024-07-13,-1,0.3588235294117647,0.2470588235294117,3.0,0.3536585365853658,0,150.0,21,7.535294117647059,0.15,0.15,0.16
1979-04-19,2024-05-12,-1,0.3588235294117647,0.3294117647058823,4.0,0.3902439024390244,2,64.0,45,16.147058823529413,0.32,0.62,0.37
1996-04-17,2024-04-07,-1,0.3588235294117647,0.4470588235294118,3.0,0.4146341463414634,2,144.0,28,10.047058823529412,0.2,0.62,0.28
1973-03-27,2024-06-11,-1,0.361764705882353,0.3568235294117647,2.15,0.3902439024390244,1,84.0,51,18.450000000000003,0.36,0.38,0.3
1961-03-15,2024-03-18,-1,0.3647058823529411,0.2117647058823529,3.0,0.3414634146341463,1,131.0,63,22.97647058823529,0.45,0.38,0.33
1959-07-25,2024-11-15,-1,0.3647058823529411,0.7647058823529411,6.0,0.902439024390244,1,281.0,65,23.70588235294117,0.47,0.38,0.35
1973-04-03,2024-08-26,-1,0.3676470588235294,0.2823529411764706,3.0,0.5,0,97.0,51,18.75,0.37,0.15,0.21
1972-03-01,2024-03-22,-1,0.3676470588235294,0.4117647058823529,7.0,0.4390243902439024,1,233.0,52,19.11764705882353,0.38,0.38,0.3
1967-02-18,2024-02-12,-1,0.3676470588235294,0.4470588235294118,3.0,0.5,0,148.0,57,20.955882352941174,0.41,0.15,0.21
1963-09-26,2024-12-22,-1,0.3705882352941176,0.5411764705882353,3.0,0.4634146341463415,2,214.0,61,22.605882352941173,0.45,0.62,0.46
1983-03-02,2024-05-13,-1,0.3735294117647059,0.3294117647058823,3.0,0.3414634146341463,3,168.0,41,15.314705882352941,0.3,0.85,0.44
1997-05-21,2024-07-20,-1,0.3764705882352941,0.4235294117647059,3.0,0.2317073170731707,0,90.0,27,10.16470588235294,0.2,0.15,0.17
1982-09-08,2024-11-04,-1,0.3794117647058823,0.4235294117647059,5.0,0.4756097560975609,0,151.0,42,15.935294117647056,0.31,0.15,0.2
1978-05-05,2024-07-10,-1,0.3794117647058823,0.7058823529411765,4.0,0.6463414634146342,2,104.0,46,17.452941176470585,0.34,0.62,0.38
1980-05-16,2024-08-05,-1,0.3852941176470588,0.9176470588235294,3.0,0.4146341463414634,2,216.0,44,16.95294117647059,0.33,0.62,0.37
1990-06-19,2024-08-15,-1,0.388235294117647,0.2588235294117647,4.0,0.3536585365853658,1,160.0,34,13.2,0.26,0.38,0.25
1973-02-11,2024-03-22,-1,0.388235294117647,0.5647058823529412,5.0,0.4878048780487805,1,292.0,51,19.799999999999997,0.39,0.38,0.31
2005-01-22,2024-01-01,-1,0.3911764705882353,0.3294117647058823,5.0,0.4146341463414634,1,200.0,19,7.432352941176471,0.15,0.38,0.21
2000-03-19,2024-04-02,-1,0.3911764705882353,0.3411764705882353,5.0,0.4756097560975609,2,206.0,24,9.388235294117647,0.19,0.62,0.28
1991-06-26,2024-06-16,-1,0.3911764705882353,0.3529411764705882,3.0,0.2439024390243902,2,190.0,33,12.908823529411764,0.25,0.62,0.32
1986-08-13,2024-12-02,-1,0.3941176470588234,0.3411764705882353,4.0,0.4512195121951219,0,97.0,38,14.976470588235289,0.3,0.15,0.18
1996-08-04,2024-09-19,-1,0.3941176470588234,0.4470588235294118,3.0,0.5,1,168.0,28,11.035294117647055,0.22,0.38,0.23
1980-07-26,2024-10-18,-1,0.3941176470588234,0.4705882352941176,3.0,0.4024390243902439,0,25.0,44,17.34117647058823,0.34,0.15,0.2
1990-07-26,2024-09-21,-1,0.3970588235294117,0.4470588235294118,4.0,0.4634146341463415,2,59.0,34,13.499999999999996,0.27,0.62,0.33
1975-01-21,2024-01-06,-1,0.4,0.2470588235294117,3.0,0.3414634146341463,1,31.0,49,19.6,0.39,0.38,0.31
1964-02-17,2024-03-25,-1,0.4,0.2705882352941176,2.0,0.4512195121951219,0,39.0,60,24.0,0.47,0.15,0.22
1964-05-02,2024-09-07,-1,0.4,0.3764705882352941,3.0,0.4146341463414634,0,81.0,60,24.0,0.47,0.15,0.22
1968-03-11,2024-04-15,-1,0.4029411764705882,0.2941176470588235,4.0,0.5487804878048781,1,95.0,56,22.56470588235294,0.44,0.38,0.33
1966-05-01,2024-10-25,-1,0.4029411764705882,0.5176470588235295,3.0,0.524390243902439,1,155.0,58,23.370588235294115,0.46,0.38,0.33
1964-07-01,2024-08-18,-1,0.4029411764705882,0.5647058823529412,2.0,0.573170731707317,0,182.0,60,24.17647058823529,0.48,0.15,0.22
1963-01-10,2024-01-05,-1,0.4058823529411764,0.4117647058823529,5.0,0.4878048780487805,1,219.0,61,24.75882352941176,0.49,0.38,0.36
1963-10-04,2024-11-23,-1,0.4058823529411764,0.5058823529411764,3.0,0.3902439024390244,2,134.0,61,24.75882352941176,0.49,0.62,0.48
1956-04-26,2024-04-28,-1,0.4088235294117646,0.4470588235294118,5.0,0.5853658536585366,1,230.0,68,27.79999999999999,0.55,0.38,0.38
1995-10-24,2024-11-26,-1,0.4117647058823529,0.3294117647058823,2.0,0.4024390243902439,1,61.0,29,11.941176470588236,0.24,0.38,0.24
1961-10-24,2024-11-10,-1,0.4117647058823529,0.3608235294117647,3.37,0.573170731707317,1,198.0,63,25.941176470588236,0.51,0.38,0.36
1999-06-10,2024-09-07,-1,0.4117647058823529,0.4352941176470588,3.0,0.4634146341463415,2,68.0,25,10.294117647058822,0.2,0.62,0.28
1975-07-18,2024-11-25,-1,0.4117647058823529,0.4470588235294118,3.0,0.4634146341463415,2,88.0,49,20.176470588235293,0.4,0.62,0.43
1974-10-21,2024-12-06,-1,0.4147058823529412,0.6352941176470588,4.0,0.4756097560975609,2,141.0,50,20.73529411764706,0.41,0.62,0.43
1959-03-19,2024-05-04,-1,0.4205882352941176,0.1764705882352941,5.0,0.5853658536585366,2,115.0,65,27.338235294117645,0.54,0.62,0.52
1990-03-01,2024-04-23,-1,0.4205882352941176,0.3764705882352941,3.0,0.5609756097560976,0,113.0,34,14.299999999999999,0.28,0.15,0.18
1992-09-14,2024-10-18,-1,0.4264705882352941,0.3647058823529411,4.0,0.3414634146341463,2,258.0,32,13.647058823529411,0.27,0.62,0.33
1971-03-09,2024-03-08,-1,0.4264705882352941,0.4941176470588235,3.0,0.5975609756097561,0,49.0,53,22.602941176470587,0.45,0.15,0.22
1957-09-13,2024-11-11,-1,0.4323529411764705,0.5882352941176471,3.0,0.5609756097560976,0,73.0,67,28.967647058823523,0.57,0.15,0.24
1970-04-19,2024-05-24,-1,0.4352941176470588,0.3764705882352941,3.0,0.3658536585365853,1,59.0,54,23.505882352941175,0.46,0.38,0.33
1989-01-26,2024-01-08,-1,0.4352941176470588,0.5058823529411764,4.0,0.4390243902439024,2,200.0,35,15.235294117647058,0.3,0.62,0.36
1970-09-01,2024-10-19,-1,0.4352941176470588,0.6235294117647059,3.0,0.6829268292682927,2,191.0,54,23.505882352941175,0.46,0.62,0.47
1981-05-18,2024-08-20,-1,0.4352941176470588,0.8,3.0,0.5365853658536586,0,48.0,43,18.717647058823527,0.37,0.15,0.21
1984-02-14,2024-02-11,-1,0.438235294117647,0.4352941176470588,3.0,0.3780487804878049,2,60.0,40,17.52941176470588,0.35,0.62,0.39
1967-03-12,2024-04-02,-1,0.438235294117647,0.5058823529411764,7.0,0.5609756097560976,1,249.0,57,24.97941176470588,0.49,0.38,0.36
1972-01-24,2024-02-12,-1,0.4411764705882353,0.2744705882352941,3.05,0.2317073170731707,0,182.0,52,22.941176470588236,0.45,0.15,0.22
1951-06-03,2024-08-27,-1,0.4411764705882353,0.5529411764705883,3.0,0.5975609756097561,1,109.0,73,32.205882352941174,0.63,0.38,0.41
1968-04-16,2024-04-26,-1,0.4411764705882353,0.5882352941176471,5.0,0.5365853658536586,2,67.0,56,24.705882352941174,0.49,0.62,0.48
1977-06-01,2024-12-16,-1,0.4470588235294117,0.2941176470588235,6.0,0.5121951219512195,2,174.0,48,21.45882352941176,0.42,0.62,0.44
1986-11-08,2024-12-18,-1,0.45,0.3058823529411765,3.0,0.3780487804878049,1,210.0,38,17.1,0.34,0.38,0.29
1978-07-16,2024-08-27,-1,0.4529411764705882,0.2705882352941176,3.0,0.4878048780487805,2,276.0,46,20.835294117647056,0.41,0.62,0.43
1956-07-28,2024-07-05,-1,0.4558823529411764,0.611764705882353,4.0,0.4878048780487805,0,143.0,68,30.999999999999996,0.61,0.15,0.24
1973-06-22,2024-07-05,-1,0.4617647058823529,0.5176470588235295,3.0,0.3292682926829268,2,191.0,51,23.549999999999997,0.46,0.62,0.47
1972-07-08,2024-08-04,-1,0.4647058823529412,0.3529411764705882,4.0,0.3048780487804878,2,242.0,52,24.16470588235294,0.48,0.62,0.48
1973-08-27,2024-12-18,-1,0.4676470588235293,0.4823529411764706,5.0,0.8536585365853658,1,268.0,51,23.849999999999994,0.47,0.38,0.35
1971-09-23,2024-10-07,-1,0.4705882352941176,0.388235294117647,4.0,0.5,2,128.0,53,24.941176470588232,0.49,0.62,0.48
1958-04-18,2024-07-25,-1,0.4705882352941176,0.5411764705882353,5.0,0.5365853658536586,2,173.0,66,31.05882352941176,0.61,0.62,0.57
1966-03-12,2024-04-24,-1,0.4735294117647059,0.6588235294117647,6.0,0.524390243902439,2,273.0,58,27.464705882352945,0.54,0.62,0.52
1955-07-22,2024-11-23,-1,0.4735294117647059,0.6823529411764706,4.0,0.3292682926829268,1,248.0,69,32.67352941176471,0.64,0.38,0.41
1981-04-28,2024-06-05,-1,0.4735294117647059,0.7764705882352941,3.0,0.524390243902439,0,113.0,43,20.361764705882354,0.4,0.15,0.21
1969-04-04,2024-06-06,-1,0.4764705882352941,0.4235294117647059,4.0,0.6463414634146342,1,262.0,55,26.205882352941174,0.52,0.38,0.37
1999-07-13,2024-11-18,-1,0.4794117647058823,0.3764705882352941,4.0,0.5121951219512195,0,246.0,25,11.985294117647058,0.24,0.15,0.18
1971-05-02,2024-05-26,-1,0.4794117647058823,0.5411764705882353,4.0,0.6219512195121951,2,281.0,53,25.408823529411762,0.5,0.62,0.49
1972-08-17,2024-09-22,-1,0.4852941176470588,0.6470588235294118,3.0,0.4268292682926829,2,265.0,52,25.235294117647058,0.5,0.62,0.49
1971-03-21,2024-04-11,-1,0.4882352941176471,0.388235294117647,4.0,0.5975609756097561,1,265.0,53,25.876470588235296,0.51,0.38,0.36
1977-07-11,2024-07-26,-1,0.4882352941176471,0.4941176470588235,3.0,0.4634146341463415,1,121.0,47,22.947058823529414,0.45,0.38,0.33
1989-03-25,2024-03-28,-1,0.4911764705882352,0.4941176470588235,3.0,0.524390243902439,1,182.0,35,17.191176470588232,0.34,0.38,0.29
1971-07-23,2024-10-01,-1,0.4941176470588235,0.6667058823529411,3.15,0.4268292682926829,0,52.0,53,26.188235294117646,0.52,0.15,0.23
1972-09-11,2024-11-13,-1,0.4941176470588235,0.6823529411764706,4.0,0.4390243902439024,1,283.0,52,25.69411764705882,0.51,0.38,0.36
1962-02-21,2024-02-21,-1,0.4970588235294117,0.3803529411764705,6.24,0.5975609756097561,2,225.0,62,30.81764705882353,0.61,0.62,0.57
2001-07-04,2024-10-21,-1,0.5,0.4117647058823529,3.0,0.5,2,302.0,23,11.5,0.23,0.62,0.3
1990-07-22,2024-09-23,-1,0.5058823529411764,0.2117647058823529,4.0,0.5,1,172.0,34,17.2,0.34,0.38,0.29
1982-05-03,2024-10-06,-1,0.5058823529411764,0.4470588235294118,6.0,0.5121951219512195,1,122.0,42,21.24705882352941,0.42,0.38,0.32
1955-01-18,2024-01-14,-1,0.5088235294117647,0.8117647058823529,4.0,0.6341463414634146,2,296.0,69,35.108823529411765,0.69,0.62,0.63
1953-04-19,2024-06-09,-1,0.5147058823529411,0.4941176470588235,5.0,0.7073170731707317,1,150.0,71,36.54411764705882,0.72,0.38,0.45
1972-08-12,2024-11-21,-1,0.5147058823529411,0.5803529411764705,4.31,0.5853658536585366,1,198.0,52,26.76470588235294,0.53,0.38,0.37
1976-04-02,2024-07-14,-1,0.5147058823529411,0.8941176470588236,4.0,0.6829268292682927,0,270.0,48,24.705882352941174,0.49,0.15,0.22
1955-07-04,2024-12-10,-1,0.5176470588235295,0.788235294117647,4.0,0.4390243902439024,0,236.0,69,35.71764705882353,0.7,0.15,0.25
1993-03-15,2024-04-13,-1,0.5205882352941176,0.388235294117647,4.0,0.3414634146341463,1,184.0,31,16.138235294117646,0.32,0.38,0.28
1957-05-11,2024-08-08,-1,0.5235294117647059,0.2941176470588235,3.0,0.3902439024390244,0,90.0,67,35.076470588235296,0.69,0.15,0.25
1950-08-25,2024-12-10,-1,0.5235294117647059,0.5411764705882353,3.0,0.4390243902439024,2,70.0,74,38.741176470588236,0.76,0.62,0.68
1978-02-22,2024-02-28,-1,0.526470588235294,0.3294117647058823,4.5,0.5853658536585366,2,167.0,46,24.217647058823523,0.48,0.62,0.48
1995-07-26,2024-07-25,-1,0.5294117647058824,0.3529411764705882,4.0,0.4634146341463415,2,310.0,29,15.352941176470589,0.3,0.62,0.36
1988-01-10,2024-01-01,-1,0.5294117647058824,0.4705882352941176,4.79,0.4268292682926829,0,220.0,36,19.058823529411764,0.38,0.15,0.21
1963-05-12,2024-06-03,-1,0.5294117647058824,0.6235294117647059,3.73,0.6707317073170732,1,246.0,61,32.294117647058826,0.64,0.38,0.41
1949-07-11,2024-10-14,-1,0.5323529411764706,0.2705882352941176,5.05,0.573170731707317,1,180.0,75,39.9264705882353,0.79,0.38,0.48
1982-01-18,2024-01-06,-1,0.5323529411764706,0.4235294117647059,4.0,0.3902439024390244,1,147.0,42,22.358823529411765,0.44,0.38,0.33
1967-06-20,2024-07-04,-1,0.5323529411764706,0.7294117647058823,5.0,0.8536585365853658,0,155.0,57,30.344117647058823,0.6,0.15,0.24
1987-07-08,2024-09-13,-1,0.5352941176470588,0.3764705882352941,4.15,0.4512195121951219,0,52.0,37,19.805882352941175,0.39,0.15,0.21
1977-04-20,2024-08-07,-1,0.538235294117647,0.6352941176470588,3.0,0.5853658536585366,0,166.0,47,25.29705882352941,0.5,0.15,0.23
1996-03-01,2024-03-14,-1,0.5411764705882353,0.3529411764705882,3.0,0.3658536585365853,0,103.0,28,15.152941176470588,0.3,0.15,0.18
1977-09-27,2024-11-25,-1,0.5411764705882353,0.7647058823529411,4.0,0.4512195121951219,2,195.0,47,25.435294117647057,0.5,0.62,0.49
1992-02-16,2024-02-12,-1,0.5441176470588235,0.4,3.0,0.4756097560975609,2,129.0,32,17.41176470588235,0.34,0.62,0.38
1973-04-12,2024-05-26,-1,0.5470588235294118,0.5647058823529412,3.0,0.6097560975609756,1,202.0,51,27.900000000000002,0.55,0.38,0.38
1982-07-05,2024-08-02,-1,0.5470588235294118,0.7764705882352941,3.0,0.4756097560975609,0,175.0,42,22.976470588235298,0.45,0.15,0.22
1984-05-02,2024-05-08,-1,0.5499999999999999,0.5176470588235295,4.0,0.4268292682926829,2,99.0,40,21.999999999999996,0.43,0.62,0.45
1983-04-07,2024-05-06,-1,0.5529411764705883,0.3058823529411765,7.6,0.8902439024390244,1,317.0,41,22.67058823529412,0.45,0.38,0.33
1987-05-12,2024-08-20,-1,0.5529411764705883,0.6705882352941176,7.0,0.6219512195121951,0,258.0,37,20.458823529411767,0.4,0.15,0.21
1968-03-04,2024-03-04,-1,0.5588235294117647,0.2784705882352941,5.5,0.4878048780487805,1,144.0,56,31.294117647058826,0.62,0.38,0.41
1974-04-07,2024-06-24,-1,0.5588235294117647,0.8,4.0,0.4634146341463415,1,280.0,50,27.941176470588236,0.55,0.38,0.38
1963-06-23,2024-12-14,-1,0.5647058823529412,0.2823529411764706,5.0,0.5609756097560976,1,164.0,61,34.44705882352941,0.68,0.38,0.44
1949-08-10,2024-12-10,-1,0.5647058823529412,0.7372941176470589,7.9,0.6829268292682927,0,230.0,75,42.35294117647059,0.83,0.15,0.28
1976-01-18,2024-01-21,-1,0.5705882352941176,0.2391764705882352,6.37,0.6463414634146342,1,192.0,48,27.388235294117646,0.54,0.38,0.38
1990-02-03,2024-02-18,-1,0.5705882352941176,0.3764705882352941,3.0,0.3292682926829268,2,142.0,34,19.4,0.38,0.62,0.41
1980-09-18,2024-10-08,-1,0.5705882352941176,0.7058823529411765,3.0,0.4756097560975609,1,293.0,44,25.105882352941176,0.49,0.38,0.36
1973-06-25,2024-06-23,-1,0.5735294117647058,0.4470588235294118,4.7,0.8170731707317073,0,173.0,51,29.249999999999996,0.58,0.15,0.24
1977-03-28,2024-03-01,-1,0.5764705882352942,0.3411764705882353,5.1,0.6707317073170732,1,272.0,47,27.094117647058827,0.53,0.38,0.37
1957-02-17,2024-03-21,-1,0.5764705882352942,0.7176470588235294,4.0,0.6097560975609756,1,303.0,67,38.62352941176471,0.76,0.38,0.47
1974-04-17,2024-06-14,-1,0.5823529411764706,0.3176470588235294,2.0,0.4268292682926829,1,136.0,50,29.117647058823533,0.57,0.38,0.39
1974-03-25,2024-05-18,-1,0.5852941176470587,0.2744705882352941,5.45,0.4146341463414634,0,91.0,50,29.26470588235294,0.58,0.15,0.24
1982-07-11,2024-09-27,-1,0.5852941176470587,0.3294117647058823,3.0,0.6219512195121951,2,85.0,42,24.582352941176467,0.48,0.62,0.48
1962-08-26,2024-10-23,-1,0.5882352941176471,0.388235294117647,4.0,0.6097560975609756,0,132.0,62,36.470588235294116,0.72,0.15,0.26
1979-06-17,2024-10-23,-1,0.5882352941176471,0.6470588235294118,5.0,0.524390243902439,1,215.0,45,26.47058823529412,0.52,0.38,0.37
1969-01-28,2024-01-22,-1,0.5911764705882353,0.6470588235294118,4.0,0.4878048780487805,2,281.0,55,32.51470588235294,0.64,0.62,0.6
1983-06-24,2024-11-04,-1,0.6,0.4588235294117647,3.0,0.3170731707317073,0,95.0,41,24.599999999999998,0.48,0.15,0.22
1977-08-09,2024-09-28,-1,0.6,0.5882352941176471,4.09,0.5975609756097561,0,109.0,47,28.2,0.56,0.15,0.23
1986-07-26,2024-11-02,-1,0.6058823529411765,0.2588235294117647,4.0,0.5609756097560976,0,78.0,38,23.02352941176471,0.45,0.15,0.22
1976-06-23,2024-09-27,-1,0.6088235294117648,0.4470588235294118,6.42,0.5,2,121.0,48,29.22352941176471,0.58,0.62,0.55
1956-04-28,2024-06-11,-1,0.6117647058823529,0.5961176470588235,5.13,0.8170731707317073,1,220.0,68,41.599999999999994,0.82,0.38,0.49
1969-09-09,2024-10-26,-1,0.6147058823529411,0.5529411764705883,4.0,0.4756097560975609,1,288.0,55,33.80882352941176,0.67,0.38,0.43
1990-06-03,2024-06-03,-1,0.6176470588235294,0.2117647058823529,3.49,0.5121951219512195,0,55.0,34,21.0,0.41,0.15,0.21
1963-07-05,2024-08-28,-1,0.6176470588235294,0.4705882352941176,3.0,0.2926829268292683,0,141.0,61,37.6764705882353,0.74,0.15,0.26
1971-07-21,2024-09-28,-1,0.623529411764706,0.3255294117647059,4.04,0.6341463414634146,1,275.0,53,33.04705882352942,0.65,0.38,0.43
1983-06-09,2024-10-26,-1,0.6411764705882352,0.8038823529411765,4.16,0.6097560975609756,2,257.0,41,26.288235294117644,0.52,0.62,0.51
1981-03-01,2024-04-06,-1,0.6558823529411764,0.3411764705882353,8.0,0.6585365853658537,1,306.0,43,28.202941176470585,0.56,0.38,0.38
1955-05-12,2024-05-23,-1,0.6558823529411764,0.6823529411764706,4.0,0.7560975609756098,1,261.0,69,45.25588235294117,0.89,0.38,0.53
1983-07-11,2024-12-25,-1,0.6647058823529413,0.3803529411764705,5.0,0.7317073170731707,1,279.0,41,27.252941176470593,0.54,0.38,0.38
1968-06-24,2024-07-01,-1,0.6764705882352942,0.286235294117647,4.64,0.5609756097560976,2,140.0,56,37.88235294117647,0.75,0.62,0.67
1991-03-06,2024-04-24,-1,0.6764705882352942,0.4,4.76,0.6219512195121951,0,128.0,33,22.323529411764707,0.44,0.15,0.22
1995-05-11,2024-09-02,-1,0.6764705882352942,0.5097647058823529,4.08,0.5,1,200.0,29,19.61764705882353,0.39,0.38,0.31
1981-02-25,2024-03-28,-1,0.6882352941176471,0.4470588235294118,4.0,0.6219512195121951,0,275.0,43,29.594117647058823,0.58,0.15,0.24
1967-02-27,2024-02-17,-1,0.7088235294117647,0.7294117647058823,5.0,0.6097560975609756,1,270.0,57,40.40294117647059,0.8,0.38,0.48
1969-01-21,2024-01-13,-1,0.723529411764706,0.6823529411764706,4.63,0.573170731707317,2,258.0,55,39.794117647058826,0.78,0.62,0.69
1955-04-06,2024-04-12,-1,0.7352941176470589,0.5647058823529412,4.0,0.4878048780487805,2,237.0,69,50.735294117647065,1.0,0.62,0.85
1987-06-13,2024-06-09,-1,0.7735294117647058,0.6823529411764706,3.0,0.3536585365853658,0,259.0,37,28.620588235294115,0.56,0.15,0.23
1989-08-19,2024-08-04,-1,0.8617647058823529,0.3058823529411765,5.0,0.5365853658536586,3,346.0,35,30.16176470588235,0.59,0.85,0.71
